{
    "rectangle_3_way_ctrlShape": {
        "cvs": [
            [
                0, 
                -6.835588138111018, 
                0.0, 
                1.1828798353672028
            ], 
            [
                1, 
                -6.835588138111018, 
                0.0, 
                -0.18287980556488037
            ], 
            [
                2, 
                6.835588138111018, 
                0.0, 
                -0.18287980556488037
            ], 
            [
                3, 
                6.835588138111018, 
                0.0, 
                1.1828798353672028
            ], 
            [
                4, 
                -6.835588138111018, 
                0.0, 
                1.1828798353672028
            ]
        ], 
        "degree": 1, 
        "editPts": [
            [
                -6.835588138111018, 
                0.0, 
                1.1828798353672028
            ], 
            [
                -6.835588138111018, 
                0.0, 
                -0.18287980556488037
            ], 
            [
                6.835588138111018, 
                0.0, 
                -0.18287980556488037
            ], 
            [
                6.835588138111018, 
                0.0, 
                1.1828798353672028
            ], 
            [
                -6.835588138111018, 
                0.0, 
                1.1828798353672028
            ]
        ], 
        "form": {
            "1": "kOpen"
        }, 
        "knots": [
            0.0, 
            1.0, 
            2.0, 
            3.0, 
            4.0
        ], 
        "order": 2
    }
}