{
    "sphere_ctrlShape": {
        "cvs": [
            [
                0, 
                0.7836116248912245, 
                4.798237340988473e-17, 
                -0.7836116248912246
            ], 
            [
                1, 
                6.785732323110912e-17, 
                6.785732323110912e-17, 
                -1.1081941875543877
            ], 
            [
                2, 
                -0.7836116248912245, 
                4.798237340988472e-17, 
                -0.7836116248912244
            ], 
            [
                3, 
                -1.1081941875543881, 
                3.517735619006027e-33, 
                -5.74489823752483e-17
            ], 
            [
                4, 
                -0.7836116248912245, 
                -4.7982373409884725e-17, 
                0.7836116248912245
            ], 
            [
                5, 
                -1.1100856969603225e-16, 
                -6.785732323110917e-17, 
                1.1081941875543884
            ], 
            [
                6, 
                0.7836116248912245, 
                -4.798237340988472e-17, 
                0.7836116248912244
            ], 
            [
                7, 
                1.1081941875543881, 
                -9.253679210110099e-33, 
                1.511240500779959e-16
            ], 
            [
                8, 
                0.7836116248912245, 
                4.798237340988473e-17, 
                -0.7836116248912246
            ], 
            [
                9, 
                6.785732323110912e-17, 
                6.785732323110912e-17, 
                -1.1081941875543877
            ], 
            [
                10, 
                -0.7836116248912245, 
                4.798237340988472e-17, 
                -0.7836116248912244
            ]
        ], 
        "degree": 3, 
        "form": {
            "3": "kPeriodic"
        }, 
        "knots": [
            -3.0, 
            -2.0, 
            -1.0, 
            0.0, 
            1.0, 
            2.0, 
            3.0, 
            4.0, 
            5.0, 
            6.0, 
            7.0, 
            8.0, 
            9.0, 
            10.0, 
            11.0
        ], 
        "order": 4
    }, 
    "sphere_ctrlShape1": {
        "cvs": [
            [
                0, 
                0.7836116248912245, 
                0.7836116248912253, 
                4.554381895097487e-16
            ], 
            [
                1, 
                6.785732323110912e-17, 
                1.1081941875543881, 
                3.9992703827849085e-16
            ], 
            [
                2, 
                -0.7836116248912245, 
                0.783611624891225, 
                3.9992703827849085e-16
            ], 
            [
                3, 
                -1.1081941875543881, 
                3.905158897627953e-16, 
                3.3306690738754686e-16
            ], 
            [
                4, 
                -0.7836116248912245, 
                -0.7836116248912242, 
                3.166603114316041e-16
            ], 
            [
                5, 
                -1.1100856969603225e-16, 
                -1.1081941875543881, 
                3.44415887047233e-16
            ], 
            [
                6, 
                0.7836116248912245, 
                -0.783611624891224, 
                4.2768261389411976e-16
            ], 
            [
                7, 
                1.1081941875543881, 
                1.8194285730955109e-16, 
                3.3306690738754686e-16
            ], 
            [
                8, 
                0.7836116248912245, 
                0.7836116248912253, 
                4.554381895097487e-16
            ], 
            [
                9, 
                6.785732323110912e-17, 
                1.1081941875543881, 
                3.9992703827849085e-16
            ], 
            [
                10, 
                -0.7836116248912245, 
                0.783611624891225, 
                3.9992703827849085e-16
            ]
        ], 
        "degree": 3, 
        "form": {
            "3": "kPeriodic"
        }, 
        "knots": [
            -3.0, 
            -2.0, 
            -1.0, 
            0.0, 
            1.0, 
            2.0, 
            3.0, 
            4.0, 
            5.0, 
            6.0, 
            7.0, 
            8.0, 
            9.0, 
            10.0, 
            11.0
        ], 
        "order": 4
    }, 
    "sphere_ctrlShape2": {
        "cvs": [
            [
                0, 
                -6.661655532440919e-17, 
                0.7836116248912253, 
                0.7836116248912249
            ], 
            [
                1, 
                -1.387778780781447e-17, 
                1.1081941875543881, 
                4.5390657370178555e-16
            ], 
            [
                2, 
                1.6650171522477552e-17, 
                0.783611624891225, 
                -0.783611624891224
            ], 
            [
                3, 
                4.4405747138106465e-17, 
                3.905158897627953e-16, 
                -1.1081941875543877
            ], 
            [
                4, 
                7.216132275373538e-17, 
                -0.7836116248912242, 
                -0.7836116248912242
            ], 
            [
                5, 
                4.163336342344338e-17, 
                -1.1081941875543881, 
                2.7504068077464416e-16
            ], 
            [
                6, 
                -6.661655532440919e-17, 
                -0.783611624891224, 
                0.7836116248912249
            ], 
            [
                7, 
                1.554280496006221e-16, 
                1.8194285730955109e-16, 
                1.1081941875543886
            ], 
            [
                8, 
                -6.661655532440919e-17, 
                0.7836116248912253, 
                0.7836116248912249
            ], 
            [
                9, 
                -1.387778780781447e-17, 
                1.1081941875543881, 
                4.5390657370178555e-16
            ], 
            [
                10, 
                1.6650171522477552e-17, 
                0.783611624891225, 
                -0.783611624891224
            ]
        ], 
        "degree": 3, 
        "form": {
            "3": "kPeriodic"
        }, 
        "knots": [
            -3.0, 
            -2.0, 
            -1.0, 
            0.0, 
            1.0, 
            2.0, 
            3.0, 
            4.0, 
            5.0, 
            6.0, 
            7.0, 
            8.0, 
            9.0, 
            10.0, 
            11.0
        ], 
        "order": 4
    }
}